{
  "AIDeactivate": false,
  "AICriticalBodyPartsOnly": false,
  "AIChanceKick": 0.3580247,
  "AIChanceProjectile": 0.120370373,
  "AIChanceShield": 0.330246925,
  "AIChanceWeaponPunch": 0.330246925,
  "AIChanceJavelin": 0.256172836,
  "AIChanceStone": 0.262345672,
  "AIChanceThrowingAxe": 0.256172836,
  "AIChanceThrowingKnife": 0.256172836,
  "AIChanceTwoHandedAxe": 0.172839507,
  "AIChanceTwoHandedMace": 0.16975309,
  "AIChanceTwoHandedPolearm": 0.175925925,
  "AIChanceTwoHandedSword": 0.172839507,
  "AIChanceDagger": 0.0740740746,
  "AIChanceOneHandedAxe": 0.0740740746,
  "AIChanceOneHandedMace": 0.09259259,
  "AIChanceOneHandedPolearm": 0.07716049,
  "AIChanceOneHandedSword": 0.0833333358,
  "Deactivate": false,
  "CriticalBodyPartsOnly": false,
  "ChanceKick": 1.0,
  "ChanceProjectile": 0.490740746,
  "ChanceShield": 1.0,
  "ChanceWeaponPunch": 1.0,
  "ChanceJavelin": 0.6944444,
  "ChanceStone": 0.697530866,
  "ChanceThrowingAxe": 0.7006173,
  "ChanceThrowingKnife": 0.69135803,
  "ChanceTwoHandedAxe": 0.487654328,
  "ChanceTwoHandedMace": 0.493827164,
  "ChanceTwoHandedPolearm": 0.475308657,
  "ChanceTwoHandedSword": 0.493827164,
  "ChanceDagger": 0.271604925,
  "ChanceOneHandedAxe": 0.271604925,
  "ChanceOneHandedMace": 0.2962963,
  "ChanceOneHandedPolearm": 0.2962963,
  "ChanceOneHandedSword": 0.3
}